order_item_id,order_id,product_id,quantity,unit_price,line_total
OI-0006710,SO-0005781,AB10293,1,1199,1199
OI-0003515,SO-0003660,QR67523,1,36,36
OI-0006637,SO-0006534,WX55404,1,24.98,24.98
OI-000422,SO-0002029,AB10293,1,1199,1199
OI-000471,SO-0005736,DG10678,1,399,399
OI-0014506,SO-0003384,MN23432,1,999,999
OI-0001735,SO-0010633,WX55404,1,24.98,24.98
OI-0006371,SO-0008865,DG33881,1,39.99,39.99
OI-0001076,SO-0003143,WX01117,1,749,749
OI-0011453,SO-0007951,MN45473,1,1999.99,1999.99
OI-0004944,SO-0010404,YZ89014,1,69.5,69.5
OI-0002574,SO-0004526,IJ66705,1,39.99,39.99
OI-000441,SO-000791,OP56948,1,1799.99,1799.99
OI-0004480,SO-0009694,FH78802,1,1999.99,1999.99
OI-0010523,SO-0008267,UV55896,1,55,55
OI-0004402,SO-0007017,ST77402,1,190,190
OI-0005689,SO-0005729,FH78802,1,1999.99,1999.99
OI-0008707,SO-0006409,FH89438,1,69.95,69.95
OI-0007672,SO-0008500,YZ66979,1,449,449
OI-0009958,SO-0005940,AC68049,1,1399.99,1399.99
OI-000306,SO-0007419,MN45473,1,1999.99,1999.99
OI-0005554,SO-0004282,YZ67010,1,22.98,22.98
OI-000509,SO-0009800,FH89438,1,69.95,69.95
OI-0005109,SO-000657,KL77349,1,249.95,249.95
OI-0007314,SO-0005633,MN32906,1,89.99,89.99
OI-0002347,SO-0003630,FH89438,1,69.95,69.95
OI-0002068,SO-0005440,AB10293,2,1199,2398
OI-0007559,SO-0008591,WX55404,1,24.98,24.98
OI-000967,SO-0008117,AB10293,1,1199,1199
OI-0009269,SO-0003775,AC22667,1,34.9,34.9
OI-0009246,SO-0010485,KL55108,1,529.95,529.95
OI-0010338,SO-0005505,IJ90277,1,1299.99,1299.99
OI-0009766,SO-0006055,WX88450,1,1095,1095
OI-0001882,SO-0004104,ST00239,1,18,18
OI-0010365,SO-0001258,WX34394,1,49.5,49.5
OI-0008883,SO-0010192,ST00239,1,18,18
OI-0008150,SO-0007945,OP88463,2,289,578
OI-0004542,SO-0001924,UV55134,1,725,725
OI-0008069,SO-0005767,YZ89014,1,69.5,69.5
OI-0005009,SO-0007493,YZ89014,1,69.5,69.5
OI-0003160,SO-0006611,IJ44033,1,89.99,89.99
OI-0010212,SO-0007547,BE23606,10,1499.99,14999.9
OI-0002280,SO-0007017,AC44577,1,199.99,199.99
OI-0007976,SO-0003348,FH78802,3,1999.99,5999.97
OI-0009289,SO-0007011,OP88463,1,289,289
OI-0007677,SO-0007230,KL89916,1,2399.99,2399.99
OI-0010729,SO-0002354,YZ66979,1,449,449
OI-0008759,SO-0002791,AB10293,1,1199,1199
OI-0008498,SO-0005245,QR67523,1,36,36
OI-0003896,SO-0008765,FH43994,1,499,499
OI-0004092,SO-0005791,ST00239,1,18,18
OI-0010255,SO-0009909,OP89015,1,24.99,24.99
OI-000968,SO-0002683,OP89015,3,24.99,74.97
OI-0008151,SO-0006716,OP11966,1,22,22
OI-000114,SO-0004993,DG32919,1,59.99,59.99
OI-0005151,SO-0004734,AC22667,1,34.9,34.9
OI-0003273,SO-0003795,YZ89951,1,69.5,69.5
OI-0005280,SO-0003629,KL55108,4,529.95,2119.8
OI-0008308,SO-0009909,AC55813,1,129.95,129.95
OI-0005635,SO-0007493,ST99577,1,399.95,399.95
OI-0005457,SO-0001618,AB10293,1,1199,1199
OI-0008060,SO-0006313,GH29145,1,180,180
OI-000157,SO-0003668,KL55108,1,529.95,529.95
OI-0009420,SO-0004669,UV55134,1,725,725
OI-0001696,SO-0008646,AB10293,1,1199,1199
OI-000369,SO-0005097,MN33498,4,25,100
OI-0004334,SO-0009606,KL67875,1,1899.99,1899.99
OI-0003488,SO-0005323,AC77323,2,199,398
OI-0002161,SO-0002047,IJ34359,3,2099.99,6299.97
OI-0008398,SO-000460,YZ89014,1,69.5,69.5
OI-0007804,SO-0003906,AC68049,1,1399.99,1399.99
OI-0002863,SO-0005170,YZ67010,1,22.98,22.98
OI-0010118,SO-0010476,OP33276,1,24.99,24.99
OI-0008911,SO-0002537,OP11966,1,22,22
OI-000557,SO-0010430,GH29145,1,180,180
OI-0003597,SO-0007510,KL77349,1,249.95,249.95
OI-0008618,SO-0007723,AB10293,4,1199,4796
OI-0002445,SO-0009797,BE89629,1,249.95,249.95
OI-000553,SO-0003863,ST90003,5,399,1995
OI-0002974,SO-0007533,FH34720,1,1599.99,1599.99
OI-000136,SO-0002461,UV40987,1,42,42
OI-0006884,SO-0002018,AC44577,1,199.99,199.99
OI-0006233,SO-0004734,YZ10961,1,29.99,29.99
OI-0005792,SO-0004395,UV45560,1,1399.99,1399.99
OI-0003724,SO-0004965,OP66222,1,199.99,199.99
OI-0002478,SO-000717,DG33881,1,39.99,39.99
OI-000940,SO-0009169,AB10293,1,1199,1199
OI-0005123,SO-0007017,DG66927,1,329,329
OI-000511,SO-0007845,FH11248,1,49.99,49.99
OI-0002855,SO-0001075,ST23180,1,19.96,19.96
OI-0008517,SO-0005765,BE23606,1,1499.99,1499.99
OI-0004511,SO-0004079,BE32880,1,549,549
OI-0001008,SO-0009579,BE78224,2,29.9,59.8
OI-0002144,SO-0007362,UV32893,1,579.95,579.95
OI-0005586,SO-0007608,OP67182,1,139,139
OI-0003693,SO-0004731,WX11453,1,29.99,29.99
OI-000560,SO-0004526,FH34720,1,1599.99,1599.99
OI-0005938,SO-0003206,MN23432,1,999,999
OI-0002412,SO-0002010,YZ89014,1,69.5,69.5
OI-0009018,SO-0001301,ST77402,1,190,190
OI-0010654,SO-0010539,YZ67010,1,22.98,22.98
OI-0006242,SO-0006704,YZ67010,1,22.98,22.98
OI-0010783,SO-0005716,AC21805,1,189,189
OI-0001783,SO-0006803,MN79150,1,29.99,29.99
OI-0004337,SO-0007049,BE55121,2,1499,2998
OI-000499,SO-0010693,IJ22284,2,49.99,99.98
OI-0008059,SO-0005520,YZ89014,1,69.5,69.5
OI-000636,SO-000256,DG33881,1,39.99,39.99
OI-0005727,SO-0001980,AB10293,1,1199,1199
OI-0019593,SO-0001795,MN23432,1,999,999
OI-0002634,SO-0009903,IJ78041,1,169.99,169.99
OI-0002542,SO-0003453,UV99947,1,24.99,24.99
OI-0003264,SO-0005545,DG88437,1,229.99,229.99
OI-0009231,SO-0008686,YZ89014,1,69.5,69.5
OI-0008065,SO-0010083,AC68049,1,1399.99,1399.99
OI-000270,SO-0006308,AC55813,1,129.95,129.95
OI-0003709,SO-0008664,BE78224,1,29.9,29.9
OI-0004116,SO-0008749,BE77362,1,179.95,179.95
OI-0004749,SO-0004721,OP88463,1,289,289
OI-000896,SO-0007241,OP88463,1,289,289
OI-0007217,SO-0007387,OP67182,1,139,139
OI-0006663,SO-0008686,IJ21792,1,219,219
OI-0001594,SO-0005857,MN01391,1,1749.99,1749.99
OI-0007617,SO-0005545,OP11966,1,22,22
OI-0004413,SO-0006241,MN23432,1,999,999
OI-0004172,SO-0006803,YZ89014,1,69.5,69.5
OI-0013741,SO-0005925,AB10293,1,1199,1199
OI-0009360,SO-0005582,FH88476,1,99.95,99.95
OI-0008939,SO-0004580,IJ67936,1,12.98,12.98
OI-0001686,SO-0001280,AC77323,1,199,199
OI-0002517,SO-0006192,KL89916,1,2399.99,2399.99
OI-0008758,SO-0009046,MN32906,1,89.99,89.99
OI-000579,SO-0007975,YZ67010,1,22.98,22.98
OI-0009592,SO-0001867,OP78989,4,999.99,3999.96
OI-0009634,SO-000365,BE78224,1,29.9,29.9
OI-0010180,SO-0002552,AB10293,1,1199,1199
OI-000736,SO-0009558,KL00752,1,49.9,49.9
OI-0007909,SO-0006453,UV99947,1,24.99,24.99
OI-0010506,SO-0006153,AB10293,1,1199,1199
OI-0002533,SO-0003678,AC22667,1,34.9,34.9
OI-0002495,SO-0005170,KL55108,1,529.95,529.95
OI-0007364,SO-0005909,KL00752,1,49.9,49.9
OI-0002333,SO-0005064,GH29145,1,180,180
OI-0001974,SO-0003678,FH88476,1,99.95,99.95
OI-0005973,SO-0005614,IJ90277,1,1299.99,1299.99
OI-0007430,SO-0007660,ST90003,2,399,798
OI-00064112,SO-0007706,FH43994,1,499,499
OI-0008847,SO-0009690,BE01165,3,69.5,208.5
OI-0009262,SO-0002029,QR44672,1,60,60
OI-0005873,SO-0001024,YZ56674,4,2499.99,9999.96
OI-0005184,SO-0007099,ST90003,1,399,399
OI-0006888,SO-0007017,OP11966,1,22,22
OI-0003954,SO-0001068,FH11248,1,49.99,49.99
OI-0002322,SO-0005573,AB10293,1,1199,1199
OI-0005664,SO-0002132,DG45186,1,399.99,399.99
OI-0004637,SO-0004580,MN23432,2,999,1998
OI-0007605,SO-0001155,IJ99551,1,349.95,349.95
OI-0006905,SO-0004511,UV40987,1,42,42
OI-0007134,SO-0007055,AB10293,2,1199,2398
OI-0010222,SO-0010585,YZ12492,4,1099,4396
OI-0008243,SO-0002634,IJ34359,8,2099.99,16799.92
OI-0005829,SO-0001454,IJ45095,1,19.9,19.9
OI-0001437,SO-0003113,ST23180,2,19.96,39.92
OI-0004986,SO-0004646,UV40987,1,42,42
OI-0001071,SO-0007510,ST77402,1,190,190
OI-0004180,SO-0003598,ST77402,1,190,190
OI-0008187,SO-0002195,MN45473,1,1999.99,1999.99
OI-0003811,SO-0006308,DG10678,1,399,399
OI-0006241,SO-0007951,YZ89014,1,69.5,69.5
OI-0002710,SO-000343,WX11453,3,29.99,89.97
OI-0006541,SO-0009552,MN55147,2,69.99,139.98
OI-0005110,SO-0008250,ST00239,1,18,18
OI-0004681,SO-0003540,OP88463,2,289,578
OI-0001793,SO-0005545,AB10293,1,1199,1199
OI-0004181,SO-0004686,AB10293,1,1199,1199
OI-0004295,SO-0002010,IJ99551,1,349.95,349.95
OI-0007259,SO-0009924,AB10293,1,1199,1199
OI-0005657,SO-000848,YZ12492,2,1099,2198
OI-0003608,SO-0008587,OP78989,1,999.99,999.99
OI-0010173,SO-0002436,OP66222,1,199.99,199.99
OI-0008470,SO-0005244,LM33761,1,45,45
OI-0008998,SO-0009712,YZ10961,1,29.99,29.99
OI-000681,SO-0009288,UV99947,1,24.99,24.99
OI-0010526,SO-0001979,AC22667,1,34.9,34.9
OI-0006655,SO-0004724,UV40987,6,42,252
OI-0001326,SO-0006139,YZ56674,7,2499.99,17499.93
OI-0006807,SO-0003239,FH11248,2,49.99,99.98
OI-0005476,SO-0004484,BE89629,1,249.95,249.95
OI-0010504,SO-0006097,FH12379,1,16.99,16.99
OI-0004802,SO-0001546,WX34394,1,49.5,49.5
OI-0009793,SO-0004126,FH66235,1,239.95,239.95
OI-0001219,SO-0009472,ST23180,5,19.96,99.8
OI-0003027,SO-0004007,DG66927,1,329,329
OI-0003905,SO-0007951,BE55121,1,1499,1499
OI-0005257,SO-0004390,AC44577,1,199.99,199.99
OI-0004219,SO-0010273,BE01165,1,69.5,69.5
OI-0009122,SO-0007362,OP78989,1,999.99,999.99
OI-0006128,SO-0008693,AB10293,1,1199,1199
OI-0007422,SO-0002078,AB10293,1,1199,1199
OI-0010761,SO-0006716,FH66647,1,110,110
OI-0008496,SO-0001219,YZ66248,1,499,499
OI-0006596,SO-0008226,IJ22284,1,49.99,49.99
OI-0001301,SO-0007832,YZ12492,1,1099,1099
OI-0004521,SO-0008250,BE23606,1,1499.99,1499.99
OI-0001771,SO-0010159,YZ78615,1,329.99,329.99
OI-0003325,SO-0006447,OP56948,1,1799.99,1799.99
OI-0005237,SO-0001041,AB10293,1,1199,1199
OI-0009903,SO-0001351,BE00134,1,199.99,199.99
OI-0004990,SO-0009816,AC77323,1,199,199
OI-0005711,SO-0003547,IJ66705,2,39.99,79.98
OI-0005884,SO-0005813,ST00239,1,18,18
OI-0008523,SO-0004686,ST77402,1,190,190
OI-0004312,SO-0006883,QR12405,1,649.99,649.99
OI-0003340,SO-0006307,BE00134,1,199.99,199.99
OI-0006299,SO-0004196,WX10691,1,589,589
OI-0007794,SO-0005897,FH12379,2,16.99,33.98
OI-0002160,SO-0010404,OP11966,1,22,22
OI-0002659,SO-0007449,FH43994,1,499,499
OI-0001764,SO-0004288,BE78224,6,29.9,179.4
OI-0005442,SO-0002468,KL33921,1,44.95,44.95
OI-0010571,SO-0008316,AC44577,2,199.99,399.98
OI-0002111,SO-0006790,YZ67010,1,22.98,22.98
OI-0007561,SO-0004962,FH34720,1,1599.99,1599.99
OI-0006455,SO-0010609,AB10293,1,1199,1199
OI-0009624,SO-0008746,AB10293,1,1199,1199
OI-0006815,SO-0005545,DG88437,1,229.99,229.99
OI-0009973,SO-0008532,YZ67010,1,22.98,22.98
OI-0008170,SO-000198,BE77362,1,179.95,179.95
OI-0008897,SO-0007230,AC77323,1,199,199
OI-0001643,SO-0010708,MN23432,1,999,999
OI-0010122,SO-0010346,MN23432,1,999,999
OI-0002367,SO-0008942,KL45834,1,399.99,399.99
OI-0002315,SO-0007387,DG32919,1,59.99,59.99
OI-0007461,SO-0004494,WX01117,1,749,749
OI-0006368,SO-0009591,BE77362,1,179.95,179.95
OI-0009201,SO-0010420,AC44577,1,199.99,199.99
OI-0010710,SO-0005702,YZ66979,1,449,449
OI-0003118,SO-0007017,BE01165,1,69.5,69.5
OI-0003913,SO-0002164,WX55404,1,24.98,24.98
OI-0005128,SO-0004460,FH89438,1,69.95,69.95
OI-0002309,SO-0004825,MN79150,1,29.99,29.99
OI-0010388,SO-0009316,YZ12492,1,1099,1099
OI-0001598,SO-0003571,ST00239,1,18,18
OI-0009533,SO-0004336,MN23432,1,999,999
OI-0004884,SO-0002224,YZ78615,1,329.99,329.99
OI-0010484,SO-0001725,AC45508,1,89.5,89.5
OI-0002910,SO-0001190,YZ22497,1,249.99,249.99
OI-0008147,SO-000920,BE00134,1,199.99,199.99
OI-0004602,SO-0001259,KL33921,3,44.95,134.85
OI-0002573,SO-0006552,QR12405,4,649.99,2599.96
OI-0006565,SO-0003309,IJ21792,2,219,438
OI-0002130,SO-0007738,FH78802,1,1999.99,1999.99
OI-0007770,SO-0010373,AB10293,1,1199,1199
OI-0001349,SO-0005126,YZ12492,1,1099,1099
OI-0001303,SO-0001946,YZ12492,1,1099,1099
OI-0007339,SO-0010148,AB10293,1,1199,1199
OI-0004170,SO-0001474,MN79150,1,29.99,29.99
OI-0006301,SO-0002457,QR12405,1,649.99,649.99
OI-0001522,SO-0009035,OP67182,1,139,139
OI-000660,SO-0009195,IJ78041,1,169.99,169.99
OI-0005922,SO-0002914,WX10691,1,589,589
OI-000155,SO-0003548,OP11966,1,22,22
OI-0008002,SO-0002087,FH34720,1,1599.99,1599.99
OI-0008321,SO-0005379,FH78802,1,1999.99,1999.99
OI-0006300,SO-0004124,BE89629,1,249.95,249.95
OI-0001817,SO-0001675,KL00752,1,49.9,49.9
OI-0007276,SO-0003901,OP33276,1,24.99,24.99
OI-0001534,SO-0010142,FH66235,1,239.95,239.95
OI-0007335,SO-000225,IJ44033,1,89.99,89.99
OI-0008483,SO-0005003,DG66927,1,329,329
OI-0005466,SO-0003756,ST23180,1,19.96,19.96
OI-0006381,SO-0007832,KL89916,1,2399.99,2399.99
OI-0010076,SO-0002166,FH88476,1,99.95,99.95
OI-0002423,SO-0001068,AB10293,1,1199,1199
OI-0004532,SO-0001193,DG10678,1,399,399
OI-0006954,SO-0005851,BE32880,1,549,549
OI-0005646,SO-0006105,WX88450,1,1095,1095
OI-0001365,SO-0010155,YZ12492,1,1099,1099
OI-0003932,SO-0001724,AB10293,1,1199,1199
OI-0006939,SO-0010693,AB10293,1,1199,1199
OI-0009166,SO-0008207,IJ67936,12,12.98,155.76
OI-0007015,SO-0006226,IJ90277,1,1299.99,1299.99
OI-0003707,SO-000693,AB10293,1,1199,1199
OI-0008119,SO-0005394,MN45473,1,1999.99,1999.99
OI-0006763,SO-0003922,BE89629,1,249.95,249.95
OI-0007998,SO-0002389,AB10293,1,1199,1199
OI-0010690,SO-0007396,IJ44033,1,89.99,89.99
OI-0009726,SO-0004436,BE01165,1,69.5,69.5
OI-0007249,SO-0004570,WX88450,1,1095,1095
OI-0006322,SO-0005939,OP89015,1,24.99,24.99
OI-0002033,SO-0005614,LM33761,1,45,45
OI-0002409,SO-0003439,ST77402,1,190,190
OI-0005449,SO-0004646,MN33498,1,25,25
OI-001229,SO-0009558,KL55108,1,529.95,529.95
OI-0004903,SO-0002468,AB10293,2,1199,2398
OI-0006039,SO-0010750,KL55108,1,529.95,529.95
OI-0010227,SO-0008587,OP11966,1,22,22
OI-0009558,SO-0005791,YZ89014,3,69.5,208.5
OI-0004260,SO-0010605,MN23432,1,999,999
OI-0005031,SO-0008840,IJ22284,1,49.99,49.99
OI-0007445,SO-0008040,ST77336,1,549.95,549.95
OI-0006168,SO-0005226,FH11248,4,49.99,199.96
OI-0008426,SO-0001080,WX34394,1,49.5,49.5
OI-000161,SO-0005058,BE78224,1,29.9,29.9
OI-0002239,SO-0008004,UV40987,1,42,42
OI-0006122,SO-0010369,MN45473,1,1999.99,1999.99
OI-0002704,SO-0002398,DG88437,2,229.99,459.98
OI-0009709,SO-0001448,YZ89014,1,69.5,69.5
OI-0003473,SO-0007014,YZ12492,1,1099,1099
OI-0007812,SO-000513,FH34720,1,1599.99,1599.99
OI-0008631,SO-0002200,UV55134,1,725,725
OI-0004216,SO-0004390,FH34720,1,1599.99,1599.99
OI-0006754,SO-000542,YZ67010,2,22.98,45.96
OI-0010606,SO-0010022,UV78737,1,59.5,59.5
OI-0001089,SO-0001102,YZ67010,9,22.98,206.82
OI-0004405,SO-0005614,MN79150,3,29.99,89.97
OI-0002080,SO-0004792,BE55121,5,1499,7495
OI-0008489,SO-0007868,FH89438,1,69.95,69.95
OI-0003876,SO-0001219,IJ34359,1,2099.99,2099.99
OI-0009090,SO-0004104,FH66647,1,110,110
OI-0002600,SO-000153,AB10293,1,1199,1199
OI-0005373,SO-0004531,KL99590,1,79.99,79.99
OI-0010688,SO-0007049,AC22667,1,34.9,34.9
OI-0006614,SO-0010342,OP67182,1,139,139
OI-000311,SO-0002932,YZ66248,1,499,499
OI-0007933,SO-0002627,YZ67010,1,22.98,22.98
OI-0005350,SO-000187,FH66647,2,110,220
OI-0003619,SO-0003555,BE32880,1,549,549
OI-0002602,SO-0001098,KL67875,1,1899.99,1899.99
OI-0008560,SO-0005615,QR12405,1,649.99,649.99
OI-0007348,SO-0009276,WX34394,1,49.5,49.5
OI-0002371,SO-0004272,AB10293,1,1199,1199
OI-0010119,SO-0001301,MN23432,1,999,999
OI-0005147,SO-000490,FH89438,43,69.95,3007.85
OI-000868,SO-0002893,QR44020,1,349.95,349.95
OI-0008959,SO-0010017,FH88476,1,99.95,99.95
OI-0008400,SO-0003090,AB10293,1,1199,1199
OI-0007528,SO-0002461,KL67875,1,1899.99,1899.99
OI-0010576,SO-0004247,IJ78041,1,169.99,169.99
OI-0006361,SO-0007608,DG10678,1,399,399
OI-0009314,SO-000198,UV45560,1,1399.99,1399.99
OI-000102,SO-0009934,IJ22284,5,49.99,249.95
OI-0009094,SO-0002911,FH19234,1,128,128
OI-0002697,SO-0008890,OP33276,1,24.99,24.99
OI-0007928,SO-0002194,YZ66979,1,449,449
OI-0001087,SO-0005739,YZ22497,1,249.99,249.99
OI-0006323,SO-0007547,UV32893,1,579.95,579.95
OI-0009785,SO-0002556,IJ34359,1,2099.99,2099.99
OI-0002906,SO-0008691,YZ56674,3,2499.99,7499.97
OI-0005650,SO-0006721,BE23606,1,1499.99,1499.99
OI-0002458,SO-0003901,FH12379,1,16.99,16.99
OI-0006846,SO-0009571,DG88437,1,229.99,229.99
OI-0001115,SO-0004645,UV45560,1,1399.99,1399.99
OI-0001485,SO-0008530,FH89438,1,69.95,69.95
OI-0009424,SO-0002194,FH44725,1,149.99,149.99
OI-0001595,SO-0010341,AB10293,1,1199,1199
OI-0004468,SO-0009911,FH89438,1,69.95,69.95
OI-0005738,SO-0004419,IJ78041,1,169.99,169.99
OI-0005249,SO-0003830,YZ66248,1,499,499
OI-0001251,SO-0005707,DG56722,1,34.95,34.95
OI-0003486,SO-0007612,KL99590,1,79.99,79.99
OI-0008888,SO-0001165,IJ78041,1,169.99,169.99
OI-0008333,SO-0004109,WX11453,1,29.99,29.99
OI-0001176,SO-0009545,WX55404,1,24.98,24.98
OI-0001278,SO-0002727,AB10293,1,1199,1199
OI-0007029,SO-0003761,FH89438,1,69.95,69.95
OI-0009776,SO-0003823,UV55134,1,725,725
OI-0006595,SO-0001978,OP89015,1,24.99,24.99
OI-0007188,SO-0006737,MN23432,1,999,999
OI-0001463,SO-0002468,QR67523,1,36,36
OI-0009797,SO-0005517,AB10293,1,1199,1199
OI-0005422,SO-0004815,AB10293,1,1199,1199
OI-0002732,SO-0009276,FH34720,2,1599.99,3199.98
OI-0006171,SO-0003221,DG33881,1,39.99,39.99
OI-0005231,SO-0010342,LM33761,1,45,45
OI-0007444,SO-0010604,YZ67010,1,22.98,22.98
OI-0009796,SO-0003563,IJ45095,1,19.9,19.9
OI-0004342,SO-0005857,FH78802,3,1999.99,5999.97
OI-0010367,SO-0004336,MN10665,1,429,429
OI-0008588,SO-0010007,MN23432,1,999,999
OI-0010019,SO-0010192,DG33881,1,39.99,39.99
OI-0006771,SO-0008746,GH29145,1,180,180
OI-0002419,SO-0007014,FH66235,1,239.95,239.95
OI-0004653,SO-0009883,FH44725,1,149.99,149.99
OI-0004494,SO-0004794,DG32919,5,59.99,299.95
OI-0003794,SO-0003602,ST00239,1,18,18
OI-0001519,SO-0006143,DG66927,2,329,658
OI-0004554,SO-0005897,ST77402,1,190,190
OI-0009681,SO-0006559,MN45473,1,1999.99,1999.99
OI-0003485,SO-0003113,QR12405,1,649.99,649.99
OI-0001238,SO-0001883,ST99577,1,399.95,399.95
OI-0003099,SO-0010408,IJ45095,1,19.9,19.9
OI-0004807,SO-0009692,YZ22497,1,249.99,249.99
OI-0009761,SO-0005121,WX34394,1,49.5,49.5
OI-0005415,SO-0005781,ST77336,1,549.95,549.95
OI-0009694,SO-0001045,WX88450,1,1095,1095
OI-0005001,SO-0003382,KL77349,1,249.95,249.95
OI-0003750,SO-0005627,ST90003,1,399,399
OI-0008329,SO-0001802,MN23432,1,999,999
OI-0002506,SO-0004645,MN23432,1,999,999
OI-0008394,SO-0002451,BE55121,1,1499,1499
OI-0001354,SO-0005582,IJ99551,1,349.95,349.95
OI-0009991,SO-0002695,AC45508,1,89.5,89.5
OI-0005174,SO-0006716,QR44672,2,60,120
OI-0001399,SO-0002439,OP33276,1,24.99,24.99
OI-000725,SO-0007845,AB10293,1,1199,1199
OI-0005862,SO-0001459,WX34394,1,49.5,49.5
OI-0006293,SO-0009582,DG56722,7,34.95,244.65
OI-0002147,SO-0004220,UV32893,1,579.95,579.95
OI-0005604,SO-0003310,IJ66705,1,39.99,39.99
OI-0010527,SO-0002142,MN23432,1,999,999
OI-000341,SO-0002206,YZ56674,1,2499.99,2499.99
OI-0006024,SO-0001629,BE78224,1,29.9,29.9
OI-0006697,SO-0009852,WX34394,1,49.5,49.5
OI-0004268,SO-0002711,AC45508,1,89.5,89.5
OI-0002433,SO-0005861,FH44725,1,149.99,149.99
OI-0007961,SO-0005145,YZ22497,1,249.99,249.99
OI-0002011,SO-0005739,UV40987,1,42,42
OI-0003757,SO-0002911,UV55896,1,55,55
OI-0002890,SO-0004580,ST77402,1,190,190
OI-0009586,SO-0007868,OP11966,1,22,22
OI-0007982,SO-0007882,AC55813,1,129.95,129.95
OI-0001605,SO-000791,AB10293,1,1199,1199
OI-0006044,SO-0007491,GH29145,1,180,180
OI-0005669,SO-0003527,AB10293,1,1199,1199
OI-0004609,SO-0002543,ST77402,1,190,190
OI-0004280,SO-000529,OP56948,1,1799.99,1799.99
OI-0006484,SO-0002949,UV45560,1,1399.99,1399.99
OI-0005420,SO-000801,FH89438,1,69.95,69.95
OI-0001355,SO-0004109,YZ12492,1,1099,1099
OI-0005608,SO-0009096,YZ10961,1,29.99,29.99
OI-0003227,SO-0005736,MN23432,1,999,999
OI-0001382,SO-0001362,AC22667,1,34.9,34.9
OI-0008868,SO-0005609,UV99947,1,24.99,24.99
OI-0002460,SO-0008009,YZ89951,7,69.5,486.5
OI-0006006,SO-0010640,YZ10961,12,29.99,359.88
OI-0007052,SO-0006937,IJ90277,2,1299.99,2599.98
OI-0006744,SO-0001700,ST99577,1,399.95,399.95
OI-0005291,SO-0003252,YZ44007,1,699,699
OI-0008052,SO-0003674,FH89438,1,69.95,69.95
OI-0003888,SO-0005440,QR21779,1,399.95,399.95
OI-0005585,SO-0008021,FH78802,1,1999.99,1999.99
OI-0008162,SO-0007054,BE32880,5,549,2745
OI-0004392,SO-0010609,YZ12492,1,1099,1099
OI-0001217,SO-0002087,AC99564,1,679,679
OI-0005235,SO-0005573,GH29145,1,180,180
OI-0008593,SO-0006429,UV55896,4,55,220
OI-0007164,SO-0008720,QR44020,1,349.95,349.95
OI-0010741,SO-000333,YZ66979,1,449,449
OI-0004504,SO-0001280,GH29145,1,180,180
OI-0002453,SO-0002743,DG10678,1,399,399
OI-0020554,SO-000460,AC21805,1,189,189
OI-0009044,SO-0008483,FH66235,1,239.95,239.95
OI-0010165,SO-0006793,BE67788,1,2199.99,2199.99
OI-0009723,SO-0007082,KL77349,1,249.95,249.95
OI-0006098,SO-0002166,IJ45095,1,19.9,19.9
OI-0009674,SO-0003330,MN32906,1,89.99,89.99
OI-0008305,SO-0005932,OP66222,1,199.99,199.99
OI-0010661,SO-0005790,LM33761,1,45,45
OI-0009952,SO-0002591,ST99577,1,399.95,399.95
OI-0006169,SO-0002457,FH66647,4,110,440
OI-0007685,SO-0005756,ST99577,1,399.95,399.95
OI-0010001,SO-0005049,YZ89014,1,69.5,69.5
OI-0002782,SO-0003916,DG56722,1,34.95,34.95
OI-0001911,SO-0002144,OP11966,1,22,22
OI-0004967,SO-0003850,AB10293,1,1199,1199
OI-0006607,SO-0003936,MN23432,1,999,999
OI-000856,SO-0003456,DG56722,5,34.95,174.75
OI-0003412,SO-0007587,IJ21792,1,219,219
OI-0006566,SO-0006302,ST77402,1,190,190
OI-0004313,SO-0008340,WX55404,1,24.98,24.98
OI-0003179,SO-0005129,OP11966,1,22,22
OI-0004308,SO-0009788,MN10665,1,429,429
OI-0005345,SO-0010539,FH78802,3,1999.99,5999.97
OI-0006693,SO-0001993,DG45186,1,399.99,399.99
OI-0010664,SO-0007920,BE77362,4,179.95,719.8
OI-0010551,SO-0003563,BE00134,1,199.99,199.99
OI-0007897,SO-000187,ST77336,1,549.95,549.95
OI-0001128,SO-0009361,ST77402,1,190,190
OI-0001173,SO-0002859,ST90003,1,399,399
OI-0002120,SO-000992,FH00643,6,349.95,2099.7
OI-0003548,SO-0004885,OP33276,1,24.99,24.99
OI-0004044,SO-0005097,UV40987,1,42,42
OI-0001015,SO-0005767,YZ67010,1,22.98,22.98
OI-0009914,SO-0006649,DG88437,1,229.99,229.99
OI-0001105,SO-0009887,YZ22497,1,249.99,249.99
OI-0001276,SO-0006831,YZ12492,1,1099,1099
OI-0002520,SO-0010516,AC22667,1,34.9,34.9
OI-0002212,SO-0005909,YZ12492,1,1099,1099
OI-0003623,SO-0010539,BE77362,1,179.95,179.95
OI-0006365,SO-000739,IJ21792,1,219,219
OI-0008997,SO-0009258,AC55813,1,129.95,129.95
OI-0007730,SO-0007158,AC99564,1,679,679
OI-0004012,SO-0006279,AC21805,3,189,567
OI-0010041,SO-0005153,ST77336,1,549.95,549.95
OI-0001139,SO-0002932,OP11966,4,22,88
OI-0010444,SO-0004511,IJ90277,2,1299.99,2599.98
OI-0003751,SO-0007247,FH89438,1,69.95,69.95
OI-0002508,SO-0003595,MN33498,1,25,25
OI-0009773,SO-000876,BE01165,1,69.5,69.5
OI-0002578,SO-0004548,WX55404,1,24.98,24.98
OI-000307,SO-0010154,AC68049,1,1399.99,1399.99
OI-0002965,SO-0001258,AC68049,1,1399.99,1399.99
OI-0005930,SO-0008484,FH89438,1,69.95,69.95
OI-0005117,SO-0005147,WX23158,1,799,799
OI-0001563,SO-0010547,FH66647,1,110,110
OI-0005582,SO-0005505,GH29145,1,180,180
OI-0004776,SO-0009501,FH88476,3,99.95,299.85
OI-000269,SO-0002314,QR67523,4,36,144
OI-0006743,SO-0006597,BE55121,1,1499,1499
OI-0007814,SO-0009487,IJ66705,1,39.99,39.99
OI-0009728,SO-000552,YZ66979,3,449,1347
OI-0005143,SO-0003775,ST23180,1,19.96,19.96
OI-0010112,SO-0003906,YZ12492,2,1099,2198
OI-0009378,SO-0001824,FH00643,1,349.95,349.95
OI-0006309,SO-0010205,FH78802,1,1999.99,1999.99
OI-0009782,SO-0002824,MN55147,3,69.99,209.97
OI-0007571,SO-0007567,YZ67010,2,22.98,45.96
OI-0002709,SO-0005245,KL00752,2,49.9,99.8
OI-0009197,SO-0009909,KL77349,1,249.95,249.95
OI-0009730,SO-0001318,AB10293,1,1199,1199
OI-0007285,SO-0006294,WX55404,1,24.98,24.98
OI-000196,SO-0005082,FH78802,1,1999.99,1999.99
OI-0007169,SO-0001033,YZ12492,1,1099,1099
OI-0010669,SO-0007612,YZ78615,1,329.99,329.99
OI-0010512,SO-0004955,IJ21792,1,219,219
OI-0010600,SO-0009995,BE00134,3,199.99,599.97
OI-0004271,SO-0009346,UV45560,6,1399.99,8399.94
OI-0009294,SO-0010160,OP56948,1,1799.99,1799.99
OI-0010475,SO-0006736,ST77402,1,190,190
OI-0010108,SO-0005610,DG56722,1,34.95,34.95
OI-0010613,SO-0002568,DG56722,1,34.95,34.95
OI-0008019,SO-0003863,BE77362,1,179.95,179.95
OI-0010246,SO-0009678,ST77402,1,190,190
OI-0006915,SO-0005621,GH29145,1,180,180
OI-0007695,SO-0009671,AB10293,1,1199,1199
OI-000777,SO-0002164,OP78989,1,999.99,999.99
OI-0002065,SO-0003121,FH34720,1,1599.99,1599.99
OI-0006844,SO-0008255,KL89916,1,2399.99,2399.99
OI-000595,SO-000198,MN23432,1,999,999
OI-0002328,SO-0006736,OP33276,1,24.99,24.99
OI-0004062,SO-0004092,AB10293,1,1199,1199
OI-0005055,SO-0010333,YZ67010,1,22.98,22.98
OI-0010139,SO-0006153,ST99577,1,399.95,399.95
OI-0003664,SO-0006820,DG45186,2,399.99,799.98
OI-0001221,SO-0006790,FH43994,1,499,499
OI-0009547,SO-000964,AC77323,1,199,199
OI-0001234,SO-0005729,AB10293,1,1199,1199
OI-0004987,SO-0008999,BE55121,1,1499,1499
OI-000407,SO-0006534,MN23432,1,999,999
OI-0004732,SO-0009995,OP33276,1,24.99,24.99
OI-0001132,SO-0005925,QR21779,1,399.95,399.95
OI-0001231,SO-000691,UV40987,1,42,42
OI-0006928,SO-0003767,IJ45095,1,19.9,19.9
OI-000612,SO-0007661,DG45186,1,399.99,399.99
OI-0010437,SO-0001852,OP66222,1,199.99,199.99
OI-0004930,SO-0002795,AB10293,1,1199,1199
OI-0003733,SO-0001635,MN23432,4,999,3996
OI-0010170,SO-0003378,KL99590,1,79.99,79.99
OI-0005066,SO-0004230,FH34720,1,1599.99,1599.99
OI-0010257,SO-0008865,AB10293,2,1199,2398
OI-0002970,SO-0010333,UV40987,2,42,84
OI-0002986,SO-0006482,MN45473,1,1999.99,1999.99
OI-0005534,SO-0006661,MN23432,1,999,999
OI-0002091,SO-0004460,IJ67936,1,12.98,12.98
OI-000411,SO-0003527,QR44020,1,349.95,349.95
OI-0001241,SO-0005753,FH11248,1,49.99,49.99
OI-0006573,SO-0004967,DG10678,1,399,399
OI-0006132,SO-0005049,IJ66705,1,39.99,39.99
OI-0003025,SO-0004948,OP78989,1,999.99,999.99
OI-0003575,SO-0003003,YZ66979,1,449,449
OI-0002489,SO-0010334,OP33276,1,24.99,24.99
OI-0003338,SO-0002859,YZ56674,1,2499.99,2499.99
OI-0006867,SO-0007171,AB10293,1,1199,1199
OI-0008933,SO-0010673,FH44725,1,149.99,149.99
OI-0002575,SO-0009252,WX10691,1,589,589
OI-0005106,SO-0002756,GH29145,1,180,180
OI-0001324,SO-0006140,IJ78041,1,169.99,169.99
OI-0004710,SO-0003162,QR12405,1,649.99,649.99
OI-0009738,SO-0009947,MN23432,1,999,999
OI-0001539,SO-0002795,AC68049,1,1399.99,1399.99
OI-0002416,SO-0009592,KL77349,1,249.95,249.95
OI-0002956,SO-0003792,AB10293,1,1199,1199
OI-0004639,SO-0006883,MN23432,1,999,999
OI-0010617,SO-0002195,MN01391,1,1749.99,1749.99
OI-0004859,SO-000717,OP78989,2,999.99,1999.98
OI-0005131,SO-0001546,IJ67936,5,12.98,64.9
OI-0007682,SO-0009501,BE00134,3,199.99,599.97
OI-0005870,SO-0003561,AB10293,1,1199,1199
OI-0005997,SO-0002206,QR44672,1,60,60
OI-0005181,SO-0010083,QR21779,1,399.95,399.95
OI-0003228,SO-0005214,YZ66979,1,449,449
OI-0001933,SO-0009486,FH11248,1,49.99,49.99
OI-0006099,SO-0010518,IJ45095,1,19.9,19.9
OI-0004994,SO-0004712,FH00643,1,349.95,349.95
OI-0003699,SO-0001068,AB10293,1,1199,1199
OI-0005412,SO-0008762,MN55147,1,69.99,69.99
OI-000963,SO-0007903,ST77402,1,190,190
OI-0010632,SO-0007533,WX01117,1,749,749
OI-0002320,SO-000351,UV55896,6,55,330
OI-0002264,SO-0005765,OP56948,1,1799.99,1799.99
OI-0003773,SO-0007158,MN23432,1,999,999
OI-000246,SO-0009931,IJ44033,1,89.99,89.99
OI-0003702,SO-0004029,FH89438,1,69.95,69.95
OI-0006269,SO-0003135,UV55896,1,55,55
OI-0009067,SO-0010233,KL67875,2,1899.99,3799.98
OI-0007591,SO-0009903,MN23432,1,999,999
OI-0009964,SO-0001030,YZ89951,1,69.5,69.5
OI-0009143,SO-0010606,QR44672,2,60,120
OI-0002714,SO-000693,OP78989,1,999.99,999.99
OI-0001072,SO-0001875,UV78737,1,59.5,59.5
OI-0007900,SO-0004751,FH44725,1,149.99,149.99
OI-0007092,SO-0003609,YZ89014,1,69.5,69.5
OI-0002735,SO-0004965,GH29145,1,180,180
OI-0009265,SO-0004967,YZ66248,1,499,499
OI-0001106,SO-0005823,AB10293,1,1199,1199
OI-0004293,SO-0009592,YZ89014,1,69.5,69.5
OI-0010096,SO-0008823,KL89916,1,2399.99,2399.99
OI-0004510,SO-0006955,MN45473,1,1999.99,1999.99
OI-0004968,SO-0004288,WX10691,2,589,1178
OI-0001402,SO-0005733,KL00752,1,49.9,49.9
OI-0009625,SO-0004900,KL99590,1,79.99,79.99
OI-0004505,SO-0007702,IJ67936,1,12.98,12.98
OI-0006199,SO-0003135,KL55108,1,529.95,529.95
OI-0003010,SO-0005431,FH12379,1,16.99,16.99
OI-0008917,SO-0007731,FH19234,1,128,128
OI-0007024,SO-000552,OP33276,5,24.99,124.95
OI-0004240,SO-0007483,AB10293,1,1199,1199
OI-000425,SO-0004622,OP67182,1,139,139
OI-0006968,SO-0001523,BE01165,1,69.5,69.5
OI-000668,SO-0002965,DG66927,3,329,987
OI-0007454,SO-000490,MN23432,1,999,999
OI-0005072,SO-0006419,DG33881,12,39.99,479.88
OI-0003397,SO-0001523,KL77349,1,249.95,249.95
OI-0007929,SO-0003767,OP78989,1,999.99,999.99
OI-0007037,SO-0005464,MN23432,1,999,999
OI-000753,SO-0002361,BE77362,1,179.95,179.95
OI-0010546,SO-0010115,IJ66705,1,39.99,39.99
OI-0008797,SO-0008532,IJ90277,1,1299.99,1299.99
OI-0009615,SO-0003780,MN45473,1,1999.99,1999.99
OI-0001728,SO-0004174,UV55896,1,55,55
OI-0001677,SO-0003555,DG88437,1,229.99,229.99
OI-0007039,SO-0010518,FH78802,1,1999.99,1999.99
OI-0003626,SO-0007493,WX34394,1,49.5,49.5
OI-0004695,SO-0004274,WX10691,1,589,589
OI-0003600,SO-0007660,FH78802,1,1999.99,1999.99
OI-0007323,SO-0005733,QR44672,1,60,60
OI-0006137,SO-0001912,ST77402,1,190,190
OI-0007105,SO-0004822,AC45508,1,89.5,89.5
OI-000765,SO-0004622,QR67523,1,36,36
OI-0004573,SO-0005147,WX23158,1,799,799
OI-0010744,SO-0006302,KL99590,1,79.99,79.99
OI-0010759,SO-0010490,FH78802,1,1999.99,1999.99
OI-0002693,SO-0005205,YZ44007,1,699,699
OI-0010712,SO-0003273,AC68049,1,1399.99,1399.99
OI-0006043,SO-0008408,YZ67010,1,22.98,22.98
OI-0007423,SO-0002741,FH19234,1,128,128
OI-0008700,SO-0007930,GH29145,4,180,720
OI-0007014,SO-0003543,FH19234,1,128,128
OI-0001161,SO-0010735,YZ22497,1,249.99,249.99
OI-0009367,SO-0001802,AB10293,1,1199,1199
OI-0006124,SO-0001629,DG33881,1,39.99,39.99
OI-0010481,SO-0003174,AB10293,1,1199,1199
OI-0010769,SO-0001993,WX10691,1,589,589
OI-000859,SO-0010346,OP88463,2,289,578
OI-0005655,SO-0003664,QR44672,1,60,60
OI-0006058,SO-0008833,QR44672,1,60,60
OI-0004145,SO-0004272,MN23432,1,999,999
OI-0008007,SO-0003856,AC45508,1,89.5,89.5
OI-0001027,SO-0008483,DG33881,1,39.99,39.99
OI-0008479,SO-0001098,IJ99551,1,349.95,349.95
OI-0003148,SO-0004201,YZ89014,1,69.5,69.5
OI-0005087,SO-000725,ST77402,1,190,190
OI-0007808,SO-0004969,YZ56674,1,2499.99,2499.99
OI-000203,SO-0001783,YZ12492,1,1099,1099
OI-0002610,SO-0001635,IJ44033,1,89.99,89.99
OI-0009990,SO-0005822,FH78802,1,1999.99,1999.99
OI-0007569,SO-0006961,UV55134,1,725,725
OI-0006818,SO-0001095,WX23158,1,799,799
OI-0009595,SO-000105,BE89629,1,249.95,249.95
OI-0007687,SO-0008255,MN23432,1,999,999
OI-000212,SO-000521,IJ34359,1,2099.99,2099.99
OI-000138,SO-0003348,MN33498,1,25,25
OI-0008439,SO-0003054,KL45834,1,399.99,399.99
OI-0007441,SO-0009375,IJ99551,1,349.95,349.95
OI-0002968,SO-0008546,FH78802,1,1999.99,1999.99
OI-0004227,SO-0001079,MN45473,1,1999.99,1999.99
OI-0004085,SO-0002026,BE67788,23,2199.99,50599.77
OI-0004683,SO-0010280,BE77362,1,179.95,179.95
OI-0002612,SO-0009793,MN32906,1,89.99,89.99
OI-0007073,SO-0004471,AB10293,1,1199,1199
OI-0003475,SO-0008408,MN23432,1,999,999
OI-0008925,SO-000911,QR44020,1,349.95,349.95
OI-0006352,SO-0006241,MN10665,1,429,429
OI-0005535,SO-0002523,FH78802,1,1999.99,1999.99
OI-000302,SO-0002824,LM33761,1,45,45
OI-0001093,SO-0003865,AC99564,3,679,2037
OI-0002880,SO-0007652,MN56309,1,24.99,24.99
OI-0001894,SO-0009887,WX01117,1,749,749
OI-000795,SO-0007729,BE78224,1,29.9,29.9
OI-0010707,SO-0005713,MN01391,1,1749.99,1749.99
OI-0004472,SO-0005751,FH89438,1,69.95,69.95
OI-0010522,SO-0006793,AC45508,1,89.5,89.5
OI-000516,SO-0003300,LM33761,1,45,45
OI-0002254,SO-0008341,IJ90277,1,1299.99,1299.99
OI-0008950,SO-0006833,BE78224,1,29.9,29.9
OI-000142,SO-0008865,FH44725,1,149.99,149.99
OI-0002056,SO-0001576,WX10691,1,589,589
OI-000852,SO-0008890,IJ22284,1,49.99,49.99
OI-0007610,SO-0002683,FH66235,1,239.95,239.95
OI-0007162,SO-0005756,AB10293,1,1199,1199
OI-0005942,SO-0003302,FH12379,1,16.99,16.99
OI-0004566,SO-0010044,FH12379,2,16.99,33.98
OI-0003243,SO-0009096,FH89438,1,69.95,69.95
OI-0010742,SO-0005476,KL67875,7,1899.99,13299.93
OI-0004097,SO-0004490,UV78737,1,59.5,59.5
OI-0004493,SO-0001935,DG88437,1,229.99,229.99
OI-0008958,SO-0010420,AB10293,1,1199,1199
OI-0004220,SO-0001223,OP89015,1,24.99,24.99
OI-0006670,SO-0001459,KL33921,1,44.95,44.95
OI-0009187,SO-0008833,MN10665,1,429,429
OI-0007414,SO-0007139,OP88463,1,289,289
OI-0005500,SO-0006995,KL67875,1,1899.99,1899.99
OI-0004318,SO-0009800,IJ44033,1,89.99,89.99
OI-0001869,SO-0003867,IJ45095,1,19.9,19.9
OI-0008126,SO-0002102,AB10293,1,1199,1199
OI-0010332,SO-0008142,FH00643,1,349.95,349.95
OI-0003006,SO-0003252,IJ45095,1,19.9,19.9
OI-0005068,SO-0006313,AB10293,1,1199,1199
OI-0007601,SO-0004196,DG32919,1,59.99,59.99
OI-0004338,SO-0002802,FH89438,3,69.95,209.85
OI-0006857,SO-0003603,AC21805,1,189,189
OI-0009789,SO-0010067,UV78737,1,59.5,59.5
OI-0006131,SO-0006704,MN23432,1,999,999
OI-0009356,SO-0010708,OP67182,1,139,139
OI-0008858,SO-0002922,DG66927,1,329,329
OI-0010411,SO-0008664,FH43994,5,499,2495
OI-0004590,SO-0002020,YZ12492,1,1099,1099
OI-0008182,SO-0005414,BE00134,1,199.99,199.99
OI-0010191,SO-0010373,ST77402,1,190,190
OI-0001123,SO-0003378,KL77349,1,249.95,249.95
OI-0005346,SO-0001941,MN23432,1,999,999
OI-0008318,SO-0009811,GH29145,1,180,180
OI-000127,SO-0010560,YZ10961,1,29.99,29.99
OI-0004984,SO-0001455,FH78802,1,1999.99,1999.99
OI-0010691,SO-0002858,YZ44007,1,699,699
OI-000528,SO-0004070,BE67788,1,2199.99,2199.99
OI-000780,SO-0008286,YZ12492,5,1099,5495
OI-0010766,SO-0008005,WX34394,1,49.5,49.5
OI-0001495,SO-0002012,FH19234,1,128,128
OI-0006574,SO-0006801,AC22667,1,34.9,34.9
OI-0005186,SO-0004190,IJ78041,1,169.99,169.99
OI-0007855,SO-0003728,IJ34359,1,2099.99,2099.99
OI-0004679,SO-0008464,YZ89014,1,69.5,69.5
OI-000393,SO-0009934,AC45508,1,89.5,89.5
OI-0009682,SO-0010340,AC68049,1,1399.99,1399.99
OI-0008650,SO-0009730,MN10665,1,429,429
OI-0004556,SO-0005861,UV45560,1,1399.99,1399.99
OI-0010296,SO-0001186,MN55147,1,69.99,69.99
OI-0009714,SO-0005153,AC55813,1,129.95,129.95
OI-0009219,SO-0005126,MN56309,1,24.99,24.99
OI-0004178,SO-0001935,IJ90277,1,1299.99,1299.99
OI-0002564,SO-0003756,MN10665,1,429,429
OI-0006342,SO-0008686,MN23432,1,999,999
OI-0001492,SO-0006189,KL00752,1,49.9,49.9
OI-0002116,SO-0010344,IJ66705,11,39.99,439.89
OI-0009746,SO-0003229,OP78989,1,999.99,999.99
OI-0008674,SO-0008840,IJ78041,1,169.99,169.99
OI-0005037,SO-0001410,YZ44007,1,699,699
OI-0006408,SO-0003792,YZ66248,6,499,2994
OI-0004662,SO-000712,FH34720,1,1599.99,1599.99
OI-000946,SO-0008101,QR12405,1,649.99,649.99
OI-0010328,SO-0003540,KL67875,1,1899.99,1899.99
OI-0006805,SO-0005932,OP66222,1,199.99,199.99
OI-0009965,SO-0002564,BE32880,6,549,3294
OI-000734,SO-0006341,UV55896,1,55,55
OI-0006185,SO-0010408,UV99947,1,24.99,24.99
OI-0004182,SO-0010159,MN10665,2,429,858
OI-0008866,SO-000417,GH29145,1,180,180
OI-0007187,SO-0003304,DG56722,1,34.95,34.95
OI-0006586,SO-0005636,YZ78615,1,329.99,329.99
OI-0003645,SO-0002683,IJ78041,1,169.99,169.99
OI-0001683,SO-0003850,YZ67010,1,22.98,22.98
OI-0006257,SO-0010394,BE89629,1,249.95,249.95
OI-0008712,SO-0007750,KL89916,1,2399.99,2399.99
OI-0009153,SO-0010369,UV32893,1,579.95,579.95
OI-0009348,SO-0001318,OP33276,1,24.99,24.99
OI-0002026,SO-0005545,QR67523,1,36,36
OI-000342,SO-0003779,BE23606,1,1499.99,1499.99
OI-0004584,SO-0002921,YZ89951,1,69.5,69.5
OI-0005355,SO-0006241,QR44020,1,349.95,349.95
OI-0006984,SO-0006279,YZ12492,1,1099,1099
OI-0005904,SO-0001618,YZ12492,1,1099,1099
OI-0007927,SO-0007099,DG88437,1,229.99,229.99
OI-000308,SO-0001941,AB10293,1,1199,1199
OI-0004576,SO-0009346,FH66235,1,239.95,239.95
OI-0008538,SO-0003949,MN79150,4,29.99,119.96
OI-000900,SO-0009788,MN56309,1,24.99,24.99
OI-0009908,SO-0004880,BE89629,1,249.95,249.95
OI-0010558,SO-0008258,YZ67010,2,22.98,45.96
OI-0002774,SO-0005824,UV32893,1,579.95,579.95
OI-0002494,SO-0006929,YZ10961,1,29.99,29.99
OI-000268,SO-0004646,YZ89014,1,69.5,69.5
OI-0006519,SO-0008226,UV32893,1,579.95,579.95
OI-0004416,SO-0009911,YZ89951,1,69.5,69.5
OI-0007647,SO-0002093,FH34720,1,1599.99,1599.99
OI-0006993,SO-0006356,ST77336,3,549.95,1649.85
OI-0004005,SO-0001305,KL99590,1,79.99,79.99
OI-0006738,SO-0001873,YZ44007,1,699,699
OI-0001209,SO-000153,DG10678,1,399,399
OI-0007722,SO-0008235,YZ78615,1,329.99,329.99
OI-0010137,SO-0008840,KL99590,1,79.99,79.99
OI-0007342,SO-0007091,FH34720,1,1599.99,1599.99
OI-0004642,SO-0003879,QR21779,1,399.95,399.95
OI-0005677,SO-0003697,FH11248,1,49.99,49.99
OI-0008901,SO-0002564,FH34720,1,1599.99,1599.99
OI-0004705,SO-0010239,DG56722,1,34.95,34.95
OI-0009882,SO-0003780,FH88476,1,99.95,99.95
OI-000525,SO-0002824,IJ34359,1,2099.99,2099.99
OI-0010295,SO-0009260,UV78737,2,59.5,119
OI-0007857,SO-0003547,MN55147,1,69.99,69.99
OI-0004068,SO-0009669,AB10293,1,1199,1199
OI-000256,SO-0003789,YZ44007,1,699,699
OI-0006427,SO-0006279,MN01391,1,1749.99,1749.99
OI-0002798,SO-0005449,YZ89951,1,69.5,69.5
OI-0004891,SO-0008548,FH88476,1,99.95,99.95
OI-0002226,SO-0003310,MN55147,1,69.99,69.99
OI-0004241,SO-0002078,IJ21792,1,219,219
OI-0008668,SO-0001627,BE67788,1,2199.99,2199.99
OI-0002699,SO-0007587,ST23180,1,19.96,19.96
OI-0005101,SO-0002445,IJ44033,1,89.99,89.99
OI-0009483,SO-0004436,ST77402,1,190,190
OI-0003262,SO-0008749,MN23432,1,999,999
OI-0003625,SO-0007813,AC21805,1,189,189
OI-0007003,SO-0005715,YZ89014,1,69.5,69.5
OI-0001758,SO-0009289,BE01165,1,69.5,69.5
OI-0004322,SO-0008009,QR44672,1,60,60
OI-0005409,SO-0005511,GH29145,1,180,180
OI-0001370,SO-0002072,AB10293,3,1199,3597
OI-0007043,SO-0005251,FH88476,1,99.95,99.95
OI-0006714,SO-0005003,OP11966,1,22,22
OI-0008131,SO-0003588,YZ89951,1,69.5,69.5
OI-0001625,SO-0005822,IJ67936,1,12.98,12.98
OI-0003756,SO-0002750,UV99947,35,24.99,874.65
OI-0007031,SO-0006841,ST77402,1,190,190
OI-0009049,SO-0006010,YZ89014,1,69.5,69.5
OI-0003014,SO-0002222,AB10293,1,1199,1199
OI-0007281,SO-0001523,MN23432,1,999,999
OI-0006384,SO-0008915,AC45508,1,89.5,89.5
OI-000875,SO-0008693,UV55896,1,55,55
OI-0006014,SO-0006247,BE67788,1,2199.99,2199.99
OI-0004495,SO-0004384,MN23432,1,999,999
OI-000522,SO-0008090,AB10293,1,1199,1199
OI-0009316,SO-0008682,FH12379,1,16.99,16.99
OI-0002913,SO-0003171,OP88463,4,289,1156
OI-0009509,SO-0009591,OP78989,1,999.99,999.99
OI-0009195,SO-000201,LM33761,1,45,45
OI-000974,SO-0005831,IJ99551,1,349.95,349.95
OI-0005286,SO-0002573,IJ22284,1,49.99,49.99
OI-0009154,SO-0004344,MN79150,3,29.99,89.97
OI-0004920,SO-0006639,BE23606,1,1499.99,1499.99
OI-0007913,SO-0007217,IJ99551,1,349.95,349.95
OI-0001104,SO-0004852,YZ44007,1,699,699
OI-0002171,SO-0010306,IJ44033,1,89.99,89.99
OI-0003197,SO-0002268,WX55404,1,24.98,24.98
OI-0007796,SO-0008954,QR12405,1,649.99,649.99
OI-0005096,SO-0004390,AB10293,1,1199,1199
OI-0005413,SO-000159,AB10293,1,1199,1199
OI-0006605,SO-0003715,LM33761,1,45,45
OI-000938,SO-0003920,GH29145,1,180,180
OI-0007956,SO-0004962,AC55813,1,129.95,129.95
OI-0007277,SO-0002445,KL55108,1,529.95,529.95
OI-0002886,SO-0009328,DG66927,4,329,1316
OI-0008033,SO-0002102,QR67523,1,36,36
OI-0009276,SO-0004250,BE78224,1,29.9,29.9
OI-0003060,SO-0009258,AC77323,1,199,199
OI-0005357,SO-0009909,BE23606,1,1499.99,1499.99
OI-0002303,SO-0006097,GH29145,1,180,180
OI-0009344,SO-0004070,YZ10961,1,29.99,29.99
OI-0008704,SO-0008226,BE00134,1,199.99,199.99
OI-0009148,SO-0005940,AB10293,1,1199,1199
OI-0001907,SO-0002079,AB10293,1,1199,1199
OI-0009526,SO-0008201,IJ45095,1,19.9,19.9
OI-0005523,SO-0008546,OP67182,1,139,139
OI-0006549,SO-0003850,KL45834,1,399.99,399.99
OI-000479,SO-0008788,GH29145,1,180,180
OI-0001428,SO-0010686,FH89438,1,69.95,69.95
OI-0009446,SO-000387,AC99564,1,679,679
OI-0002990,SO-0001436,DG66927,1,329,329
OI-000386,SO-0007421,YZ10961,1,29.99,29.99
OI-0009182,SO-0008762,OP56948,1,1799.99,1799.99
OI-000198,SO-0002194,BE23606,1,1499.99,1499.99
OI-0006636,SO-0005214,WX23158,1,799,799
OI-000665,SO-0003938,OP88463,1,289,289
OI-000350,SO-0009496,MN23432,1,999,999
OI-0006271,SO-0004325,MN32906,1,89.99,89.99
OI-0002932,SO-0002092,KL00752,1,49.9,49.9
OI-0003288,SO-0003330,MN33498,1,25,25
OI-0007359,SO-000125,UV40987,1,42,42
OI-0003415,SO-0008092,AB10293,1,1199,1199
OI-0007428,SO-0008224,AB10293,1,1199,1199
OI-0003916,SO-0010560,MN79150,1,29.99,29.99
OI-0002769,SO-0004531,UV55896,1,55,55
OI-0009123,SO-0008316,WX23158,1,799,799
OI-0008644,SO-0007581,KL99590,2,79.99,159.98
OI-0003982,SO-0003969,IJ66705,1,39.99,39.99
OI-0002812,SO-0009226,BE89629,1,249.95,249.95
OI-0004518,SO-0001686,QR12405,1,649.99,649.99
OI-0010124,SO-0010603,IJ67936,1,12.98,12.98
OI-0004394,SO-0005395,ST23180,2,19.96,39.92
OI-0005705,SO-0010027,DG45186,1,399.99,399.99
OI-0003829,SO-0004378,ST99577,1,399.95,399.95
OI-0005832,SO-0010715,WX11453,1,29.99,29.99
OI-0002259,SO-0010233,IJ67936,2,12.98,25.96
OI-0003297,SO-0006962,AC55813,1,129.95,129.95
OI-000764,SO-0001912,WX11453,1,29.99,29.99
OI-0004955,SO-0010585,BE55121,1,1499,1499
OI-0003769,SO-0008286,IJ67936,4,12.98,51.92
OI-0002485,SO-0002801,AC99564,2,679,1358
OI-0006225,SO-0007632,WX55404,1,24.98,24.98
OI-0002888,SO-0010604,AC77323,1,199,199
OI-0009765,SO-0010346,ST77402,1,190,190
OI-0007488,SO-0003918,FH88476,1,99.95,99.95
OI-000267,SO-0005121,YZ66248,1,499,499
OI-0009146,SO-0001493,DG32919,1,59.99,59.99
OI-0007691,SO-0002795,IJ90277,7,1299.99,9099.93
OI-0001775,SO-0004153,YZ67010,1,22.98,22.98
OI-0010278,SO-0010559,AB10293,1,1199,1199
OI-0009496,SO-0004792,KL77349,1,249.95,249.95
OI-0004046,SO-0006514,YZ22497,2,249.99,499.98
OI-000140,SO-0004592,OP89015,1,24.99,24.99
OI-0007773,SO-0002459,YZ89014,1,69.5,69.5
OI-0002077,SO-0007608,AC99564,1,679,679
OI-0006244,SO-0007421,MN23432,1,999,999
OI-0001394,SO-0002018,YZ89014,1,69.5,69.5
OI-0005376,SO-0001852,UV78737,1,59.5,59.5
OI-0009005,SO-0003080,MN33498,1,25,25
OI-000703,SO-0006419,FH00643,1,349.95,349.95
OI-0009337,SO-0001396,BE23606,1,1499.99,1499.99
OI-0001438,SO-0002764,IJ22284,1,49.99,49.99
OI-0003660,SO-0005609,DG88437,1,229.99,229.99
OI-0002804,SO-000657,DG10678,1,399,399
OI-0003901,SO-0001724,MN33498,1,25,25
OI-0007535,SO-0009382,IJ66705,1,39.99,39.99
OI-0003845,SO-0003589,AB10293,4,1199,4796
OI-0002126,SO-0006962,IJ45095,1,19.9,19.9
OI-000716,SO-0010233,OP11966,1,22,22
OI-0005145,SO-0005253,QR44672,1,60,60
OI-0003924,SO-0009614,BE89629,1,249.95,249.95
OI-0008110,SO-0002974,BE55121,1,1499,1499
OI-0004533,SO-0003853,UV40987,1,42,42
OI-0005901,SO-0008905,YZ89014,1,69.5,69.5
OI-0001328,SO-0006226,WX01117,1,749,749
OI-0009810,SO-0001420,MN23432,1,999,999
OI-0009115,SO-0002451,FH00643,1,349.95,349.95
OI-0001502,SO-0009429,DG32919,1,59.99,59.99
OI-0003152,SO-0002406,IJ34359,1,2099.99,2099.99
OI-0002436,SO-0001997,WX23158,3,799,2397
OI-0008421,SO-0008494,AB10293,1,1199,1199
OI-000434,SO-0006767,MN32906,1,89.99,89.99
OI-0007756,SO-0003300,YZ78615,1,329.99,329.99
OI-0002335,SO-0004161,AC55813,1,129.95,129.95
OI-0001198,SO-0009924,KL45834,1,399.99,399.99
OI-0008285,SO-0009909,WX11453,1,29.99,29.99
OI-000248,SO-0009931,BE32880,1,549,549
OI-0008016,SO-0008954,BE32880,1,549,549
OI-0010383,SO-0008317,IJ66705,1,39.99,39.99
OI-0009878,SO-0007715,OP89015,2,24.99,49.98
OI-0008030,SO-0004272,YZ12492,1,1099,1099
OI-0003393,SO-0006166,MN33498,1,25,25
OI-0004250,SO-0009316,WX11453,1,29.99,29.99
OI-0008586,SO-0005751,AB10293,2,1199,2398
OI-0002745,SO-0002199,ST77336,5,549.95,2749.75
OI-0008829,SO-0001966,AC55813,1,129.95,129.95
OI-0007981,SO-0002573,DG32919,1,59.99,59.99
OI-0007593,SO-0002010,AB10293,1,1199,1199
OI-000639,SO-0009057,FH19234,1,128,128
OI-0001298,SO-0001079,AC55813,1,129.95,129.95
OI-0010021,SO-0001420,KL99590,2,79.99,159.98
OI-0001838,SO-0008711,AB10293,5,1199,5995
OI-0001309,SO-0006933,ST77336,1,549.95,549.95
OI-0001877,SO-0007951,AC21805,1,189,189
OI-0009399,SO-0003938,QR44672,1,60,60
OI-000778,SO-0010630,OP78989,1,999.99,999.99
OI-0005374,SO-0010394,BE67788,1,2199.99,2199.99
OI-0007078,SO-0007055,AC55813,1,129.95,129.95
OI-0008399,SO-000450,FH66647,1,110,110
OI-000319,SO-0002666,IJ90277,1,1299.99,1299.99
OI-0006721,SO-0004272,BE00134,1,199.99,199.99
OI-0007805,SO-0007119,MN55147,2,69.99,139.98
OI-0005443,SO-0006623,UV99947,1,24.99,24.99
OI-0006514,SO-0005198,OP89015,1,24.99,24.99
OI-000741,SO-0004751,YZ89014,1,69.5,69.5
OI-0005389,SO-0007482,QR44672,1,60,60
OI-0001286,SO-0001391,YZ12492,1,1099,1099
OI-0001591,SO-0003412,KL89916,1,2399.99,2399.99
OI-0004267,SO-0003849,BE77362,4,179.95,719.8
OI-0003734,SO-0007139,YZ56674,1,2499.99,2499.99
OI-0004286,SO-0007916,WX23158,1,799,799
OI-0006194,SO-0004885,GH29145,2,180,360
OI-0004553,SO-0010474,IJ67936,1,12.98,12.98
OI-0001646,SO-0005716,IJ34359,1,2099.99,2099.99
OI-0010422,SO-0008352,ST77402,2,190,380
OI-0005277,SO-0010022,ST00239,1,18,18
OI-0003156,SO-0006767,IJ67936,2,12.98,25.96
OI-000229,SO-0010605,FH00643,1,349.95,349.95
OI-0004622,SO-0009671,FH66647,1,110,110
OI-0009974,SO-0004471,YZ67010,1,22.98,22.98
OI-0006524,SO-0006597,QR21779,1,399.95,399.95
OI-0007973,SO-0001080,GH29145,1,180,180
OI-0005631,SO-0008999,MN01391,1,1749.99,1749.99
OI-0007087,SO-0001068,WX23158,1,799,799
OI-0006709,SO-0004873,MN23432,1,999,999
OI-0010368,SO-0002802,ST23180,1,19.96,19.96
OI-0010554,SO-0004247,WX01117,1,749,749
OI-0008860,SO-0001704,ST99577,1,399.95,399.95
OI-0003738,SO-0010394,BE67788,1,2199.99,2199.99
OI-000273,SO-0010203,AC55813,1,129.95,129.95
OI-0006412,SO-0003396,ST90003,1,399,399
OI-0008869,SO-0007187,BE23606,1,1499.99,1499.99
OI-0006087,SO-0004022,KL55108,1,529.95,529.95
OI-0007393,SO-0006475,KL77349,4,249.95,999.8
OI-0007033,SO-0003879,BE32880,1,549,549
OI-0007280,SO-0008693,AB10293,1,1199,1199
OI-0001566,SO-0003671,KL33921,3,44.95,134.85
OI-0002677,SO-0001725,ST00239,1,18,18
OI-000448,SO-0006288,WX11453,1,29.99,29.99
OI-0001983,SO-0010602,ST77336,1,549.95,549.95
OI-0008462,SO-0001912,DG32919,1,59.99,59.99
OI-0009593,SO-0002627,FH34720,1,1599.99,1599.99
OI-0004506,SO-0002132,FH44725,1,149.99,149.99
OI-0009076,SO-0002504,FH11248,1,49.99,49.99
OI-0010639,SO-0008201,AC77323,1,199,199
OI-0008916,SO-0009909,IJ99551,1,349.95,349.95
OI-0005360,SO-0004900,FH89438,1,69.95,69.95
OI-0007448,SO-0007921,KL67875,1,1899.99,1899.99
OI-0010482,SO-0006552,MN56309,1,24.99,24.99
OI-0006929,SO-0005638,FH43994,1,499,499
OI-0010418,SO-0008494,YZ12492,3,1099,3297
OI-0009747,SO-0003660,FH44725,1,149.99,149.99
OI-0006480,SO-000725,MN01391,1,1749.99,1749.99
OI-0003872,SO-0005739,YZ89951,2,69.5,139
OI-000540,SO-0009346,AB10293,1,1199,1199
OI-000437,SO-000225,AC99564,1,679,679
OI-000254,SO-0007820,BE23606,1,1499.99,1499.99
OI-0003365,SO-0002695,KL89916,1,2399.99,2399.99
OI-000134,SO-0010423,OP33276,1,24.99,24.99
OI-0008537,SO-000105,ST00239,1,18,18
OI-0003309,SO-0001795,DG56722,1,34.95,34.95
OI-0009932,SO-0009926,OP66222,1,199.99,199.99
OI-0008449,SO-0006097,OP11966,1,22,22
OI-0007686,SO-0003671,AB10293,1,1199,1199
OI-0007056,SO-0009629,AB10293,1,1199,1199
OI-0003333,SO-000450,IJ66705,1,39.99,39.99
OI-0008042,SO-0007183,YZ56674,1,2499.99,2499.99
OI-0001558,SO-0006883,MN55147,1,69.99,69.99
OI-0004509,SO-0009931,IJ22284,1,49.99,49.99
OI-0001348,SO-0006105,MN23432,1,999,999
OI-0003774,SO-0002504,AB10293,1,1199,1199
OI-0005315,SO-0002666,BE00134,1,199.99,199.99
OI-0001651,SO-0003973,AB10293,1,1199,1199
OI-0005254,SO-0008464,AC55813,1,129.95,129.95
OI-0008684,SO-0008546,QR44020,1,349.95,349.95
OI-0007336,SO-0002795,FH19234,1,128,128
OI-0001124,SO-0006166,ST77336,1,549.95,549.95
OI-0010360,SO-0001259,DG45186,1,399.99,399.99
OI-0003463,SO-0010490,MN01391,1,1749.99,1749.99
OI-0005334,SO-0004841,WX01117,1,749,749
OI-0008900,SO-0003853,FH66647,1,110,110
OI-0007413,SO-0006833,AB10293,1,1199,1199
OI-0002753,SO-0010038,YZ22497,1,249.99,249.99
OI-0005384,SO-0009288,UV55896,5,55,275
OI-0003257,SO-0003174,AC44577,1,199.99,199.99
OI-0001189,SO-0010704,KL45834,1,399.99,399.99
OI-0006399,SO-0002922,UV45560,1,1399.99,1399.99
OI-0010287,SO-0009834,DG10678,1,399,399
OI-0006598,SO-0010044,MN56309,1,24.99,24.99
OI-0002415,SO-0004722,DG33881,2,39.99,79.98
OI-0008286,SO-0004398,IJ66705,1,39.99,39.99
OI-0003033,SO-0009182,UV55896,1,55,55
OI-0001545,SO-000990,KL67875,5,1899.99,9499.95
OI-0006253,SO-000704,AC44577,1,199.99,199.99
OI-0003078,SO-0002436,KL33921,1,44.95,44.95
OI-000907,SO-0006801,WX11453,1,29.99,29.99
OI-0007793,SO-0001410,KL89916,1,2399.99,2399.99
OI-0001537,SO-0006213,MN23432,4,999,3996
OI-0006149,SO-0002814,AB10293,1,1199,1199
OI-0002700,SO-0002543,BE89629,1,249.95,249.95
OI-0003192,SO-0006140,FH34720,1,1599.99,1599.99
OI-0008638,SO-0004592,MN23432,1,999,999
OI-0009783,SO-000848,QR67523,1,36,36
OI-0002907,SO-0003926,AB10293,1,1199,1199
OI-0002934,SO-0009046,OP11966,1,22,22
OI-0009421,SO-000739,AC22667,1,34.9,34.9
OI-0002038,SO-0001966,AC68049,1,1399.99,1399.99
OI-0006577,SO-0007483,KL00752,1,49.9,49.9
OI-0004303,SO-0002504,OP78989,1,999.99,999.99
OI-0001820,SO-0004007,WX10691,1,589,589
OI-0005209,SO-0006929,YZ56674,1,2499.99,2499.99
OI-0009032,SO-0009694,IJ34359,3,2099.99,6299.97
OI-0004520,SO-0010649,QR21779,3,399.95,1199.85
OI-0003815,SO-000403,AB10293,1,1199,1199
OI-000981,SO-000783,AC68049,1,1399.99,1399.99
OI-0008853,SO-0007610,GH29145,1,180,180
OI-0001544,SO-0008267,FH19234,10,128,1280
OI-0010006,SO-0008267,FH34720,1,1599.99,1599.99
OI-0008005,SO-0010604,DG66927,1,329,329
OI-0007602,SO-0001783,YZ66979,1,449,449
OI-0002470,SO-0003221,QR12405,1,649.99,649.99
OI-0005716,SO-0003936,ST99577,1,399.95,399.95
OI-0003745,SO-0007312,ST90003,1,399,399
OI-0010156,SO-0003548,OP66222,1,199.99,199.99
OI-0006048,SO-0002921,UV99947,1,24.99,24.99
OI-0007085,SO-0003721,FH34720,1,1599.99,1599.99
OI-0008167,SO-0005633,GH29145,1,180,180
OI-000484,SO-0008905,MN45473,1,1999.99,1999.99
OI-0009614,SO-0008682,FH00643,1,349.95,349.95
OI-0003644,SO-0004379,WX01117,1,749,749
OI-0004992,SO-0008161,IJ45095,1,19.9,19.9
OI-0006685,SO-0001521,FH12379,1,16.99,16.99
OI-0001404,SO-0010038,IJ78041,1,169.99,169.99
OI-0009745,SO-0002764,KL77349,1,249.95,249.95
OI-0010676,SO-0007652,BE01165,1,69.5,69.5
OI-0007060,SO-0001396,AB10293,1,1199,1199
OI-0002537,SO-0010005,YZ22497,3,249.99,749.97
OI-0008929,SO-0009271,KL45834,1,399.99,399.99
OI-0009396,SO-0003054,UV32893,1,579.95,579.95
OI-0002674,SO-0010005,UV45560,1,1399.99,1399.99
OI-0002243,SO-0009454,DG56722,12,34.95,419.4
OI-0010446,SO-0005087,KL55108,2,529.95,1059.9
OI-0003714,SO-000521,KL45834,1,399.99,399.99
OI-0003490,SO-0009396,KL33921,2,44.95,89.9
OI-0007918,SO-0002523,KL33921,1,44.95,44.95
OI-0004462,SO-0005781,AB10293,1,1199,1199
OI-0003401,SO-0005781,FH34720,1,1599.99,1599.99
OI-0002006,SO-0004190,DG33881,1,39.99,39.99
OI-0001047,SO-0008591,AB10293,1,1199,1199
OI-0010782,SO-0004334,UV45560,1,1399.99,1399.99
OI-0010401,SO-0008271,FH44725,1,149.99,149.99
OI-0009063,SO-0003309,BE55121,1,1499,1499
OI-0002310,SO-0001033,UV32893,1,579.95,579.95
OI-0006081,SO-0001657,MN79150,1,29.99,29.99
OI-0002249,SO-0005121,UV32893,1,579.95,579.95
OI-000477,SO-0007902,BE78224,1,29.9,29.9
OI-0006720,SO-0005145,MN32906,1,89.99,89.99
OI-0007615,SO-0004386,AC44577,1,199.99,199.99
OI-0002253,SO-0002206,AB10293,1,1199,1199
OI-0005003,SO-0007691,MN79150,1,29.99,29.99
OI-0004783,SO-0004104,YZ44007,1,699,699
OI-0002084,SO-0005765,ST77402,1,190,190
OI-000911,SO-0001627,AC68049,1,1399.99,1399.99
OI-0006245,SO-0002509,FH44725,1,149.99,149.99
OI-0006955,SO-0003715,KL45834,1,399.99,399.99
OI-0005133,SO-0003867,BE00134,1,199.99,199.99
OI-0007027,SO-0008746,AB10293,1,1199,1199
OI-0010382,SO-0002439,YZ89014,1,69.5,69.5
OI-0009373,SO-0007294,BE00134,1,199.99,199.99
OI-000810,SO-0001980,ST99577,3,399.95,1199.85
OI-000361,SO-0008130,QR12405,1,649.99,649.99
OI-0007320,SO-0001911,FH19234,1,128,128
OI-0006664,SO-0004344,MN33498,1,25,25
OI-0008990,SO-0004614,OP78989,1,999.99,999.99
OI-0002332,SO-0005414,FH12379,1,16.99,16.99
OI-0003915,SO-0005395,KL33921,1,44.95,44.95
OI-0009849,SO-0009256,AB10293,1,1199,1199
OI-0001002,SO-0004273,QR21779,1,399.95,399.95
OI-0001208,SO-0001979,OP89015,1,24.99,24.99
OI-0006212,SO-0001045,WX55404,1,24.98,24.98
OI-0006778,SO-0010547,MN56309,7,24.99,174.93
OI-0008410,SO-0002314,UV78737,1,59.5,59.5
OI-0004527,SO-0001878,KL77349,2,249.95,499.9
OI-0003440,SO-0002191,FH78802,1,1999.99,1999.99
OI-0005672,SO-0005431,FH78802,1,1999.99,1999.99
OI-000569,SO-0002142,ST00239,1,18,18
OI-0002260,SO-0004273,UV99947,1,24.99,24.99
OI-0002584,SO-0001096,MN32906,1,89.99,89.99
OI-0003411,SO-0004130,BE01165,2,69.5,139
OI-0001107,SO-0008813,MN23432,1,999,999
OI-0008725,SO-0009111,FH11248,3,49.99,149.97
OI-0002318,SO-0006368,YZ10961,1,29.99,29.99
OI-0007919,SO-0004793,IJ44033,2,89.99,179.98
OI-000480,SO-0004511,FH66235,1,239.95,239.95
OI-0009856,SO-000294,AB10293,1,1199,1199
OI-0010695,SO-000227,MN55147,1,69.99,69.99
OI-0008983,SO-0008902,ST23180,1,19.96,19.96
OI-0002585,SO-0009646,OP89015,1,24.99,24.99
OI-0010340,SO-0002361,QR21779,1,399.95,399.95
OI-0003801,SO-0003024,AC55813,9,129.95,1169.55
OI-0001821,SO-0004336,OP66222,1,199.99,199.99
OI-0005897,SO-0010462,FH78802,1,1999.99,1999.99
OI-0006638,SO-0004126,DG66927,1,329,329
OI-0001986,SO-0003121,AC55813,2,129.95,259.9
OI-000435,SO-0002821,MN56309,1,24.99,24.99
OI-0008675,SO-0003830,FH66235,1,239.95,239.95
OI-0001603,SO-0008881,AB10293,1,1199,1199
OI-0005816,SO-0002052,WX34394,1,49.5,49.5
OI-0005917,SO-0004669,BE32880,2,549,1098
OI-0005094,SO-0003756,MN01391,1,1749.99,1749.99
OI-0009508,SO-0009496,WX11453,1,29.99,29.99
OI-0007391,SO-0002459,WX34394,7,49.5,346.5
OI-0005061,SO-0009027,WX01117,56,749,41944
OI-0001835,SO-0010280,UV45560,1,1399.99,1399.99
OI-0006989,SO-0006313,BE23606,1,1499.99,1499.99
OI-0004492,SO-000403,MN23432,1,999,999
OI-0007786,SO-0004127,AB10293,1,1199,1199
OI-0006762,SO-0003216,YZ89951,1,69.5,69.5
OI-0004192,SO-0002949,IJ21792,1,219,219
OI-0003781,SO-0006767,AC21805,1,189,189
OI-0001708,SO-0009454,YZ67010,1,22.98,22.98
OI-0005501,SO-000201,YZ12492,1,1099,1099
OI-0001400,SO-0001362,WX11453,1,29.99,29.99
OI-0009271,SO-0009461,KL99590,1,79.99,79.99
OI-0006542,SO-0002723,AB10293,1,1199,1199
OI-0001061,SO-0004386,AB10293,1,1199,1199
OI-0033331,SO-0010569,IJ66705,1,39.99,39.99
OI-0033332,SO-0011539,UV55896,1,55,55
OI-0033333,SO-0009969,KL67875,5,1899.99,9499.95
OI-0033334,SO-0006627,AC44577,1,199.99,199.99
OI-0033335,SO-0003754,KL33921,1,44.95,44.95
OI-0033336,SO-000699,WX11453,1,29.99,29.99
OI-0033337,SO-0013585,KL89916,1,2399.99,2399.99
OI-0033338,SO-0008695,MN23432,4,999,3996
OI-0033339,SO-0001162,AB10293,1,1199,1199
OI-0033340,SO-0006197,BE89629,1,249.95,249.95
OI-0033341,SO-0006191,FH34720,1,1599.99,1599.99
OI-0033342,SO-0001739,MN23432,1,999,999
OI-0033343,SO-0008261,QR67523,1,36,36
OI-0033344,SO-0017017,AB10293,1,1199,1199
OI-0033345,SO-0005115,OP11966,1,22,22
OI-0033346,SO-0009187,AC22667,1,34.9,34.9
OI-0033347,SO-0003817,KL67875,1,1899.99,1899.99
OI-0033348,SO-0005694,MN56309,1,24.99,24.99
OI-0033349,SO-0005181,FH43994,1,499,499
OI-0033350,SO-0009919,YZ12492,3,1099,3297
OI-0033351,SO-0004172,FH44725,1,149.99,149.99
OI-0033352,SO-0007341,MN01391,1,1749.99,1749.99
OI-0033353,SO-0001468,YZ89951,2,69.5,139
OI-0033354,SO-0002691,AB10293,1,1199,1199
OI-0033355,SO-0001794,AC99564,1,679,679
OI-0033356,SO-001198,BE23606,1,1499.99,1499.99
OI-0033357,SO-0006769,KL89916,1,2399.99,2399.99
OI-0033358,SO-0004541,OP33276,1,24.99,24.99
OI-0033359,SO-0015146,ST00239,1,18,18
OI-0033360,SO-0006813,DG56722,1,34.95,34.95
OI-0033361,SO-0009146,OP66222,1,199.99,199.99
OI-0033362,SO-0205736,OP11966,1,22,22
OI-0033363,SO-0007455,AB10293,1,1199,1199
